/* Populate tables */
INSERT INTO usuarios (id, nombre, apellido, email, password, rol, celular, esta_activo, fecha_de_registro) VALUES(1, 'Andres', 'Guzman', 'profesor@bolsadeideas.com', 'pass', 'Cliente', 934324234, TRUE, '2014-08-28');
INSERT INTO clientes (id, usuario_id, reputacion, direccion, distrito, numero_servicios_contratados) VALUES(1, 1, 3, 'Av. Argentina 1515', 'Cercado de Lima', 7);

INSERT INTO usuarios (id, nombre, apellido, email, password, rol, celular, esta_activo, fecha_de_registro) VALUES(2, 'Mylee', 'Fenton', 'mfenton@bolsadeideas.com', 'pass', 'Cliente', 934554234, TRUE, '2018-01-18');
INSERT INTO clientes (id, usuario_id, reputacion, direccion, distrito, numero_servicios_contratados) VALUES(2, 2, 4, 'Av. San Hilarion Este Mz. E1 Lt. 1', 'San Juan de Lurigancho', 15);

INSERT INTO usuarios (id, nombre, apellido, email, password, rol, celular, esta_activo, fecha_de_registro) VALUES(3, 'Justo', 'Tejada', 'jtejada@bolsadeideas.com', 'pass', 'Cliente', 91554634, FALSE, '2016-09-12');
INSERT INTO clientes (id, usuario_id, reputacion, direccion, distrito, numero_servicios_contratados) VALUES(3, 3, 2.1, 'Jr. Alonso de Molina 1100', 'Santiago de Surco', 29);

INSERT INTO usuarios (id, nombre, apellido, email, password, rol, celular, esta_activo, fecha_de_registro) VALUES(4, 'Isaac', 'Calvo', 'icalvo@bolsadeideas.com', 'pass', 'Cliente', 934773244, TRUE, '2021-03-22');
INSERT INTO clientes (id, usuario_id, reputacion, direccion, distrito, numero_servicios_contratados) VALUES(4, 4, NULL, 'Jr Nicanor Arteaga 340', 'San Borja', 3);

INSERT INTO usuarios (id, nombre, apellido, email, password, rol, celular, esta_activo, fecha_de_registro) VALUES(5, 'Angelica', 'Ordoñez', 'angelica@bolsadeideas.com', 'pass', 'Cliente', 94622545, TRUE, '2020-01-03');
INSERT INTO clientes (id, usuario_id, reputacion, direccion, distrito, numero_servicios_contratados) VALUES(5, 5, 4.2, 'Arriba Peru 769', 'Villa EL Salvador', 9);

INSERT INTO usuarios (id, nombre, apellido, email, password, rol, celular, esta_activo, fecha_de_registro) VALUES(6, 'Aurora', 'Tello', 'atello@bolsadeideas.com', 'pass', 'Cliente', 94612745, TRUE, '2013-12-19');
INSERT INTO clientes (id, usuario_id, reputacion, direccion, distrito, numero_servicios_contratados) VALUES(6, 6, 4.6, 'Avenida Javier Prado Este 4200', 'Santiago de Surco', 4);

INSERT INTO usuarios (id, nombre, apellido, email, password, rol, celular, esta_activo, fecha_de_registro) VALUES(7, 'Joaquin', 'Tirado', 'jtirado@bolsadeideas.com', 'pass', 'Cliente', 94612125, TRUE, '2019-05-30');
INSERT INTO clientes (id, usuario_id, reputacion, direccion, distrito, numero_servicios_contratados) VALUES(7, 7, 2.0, 'Av. Malecón Checa 497', 'Cercado de Lima', 1);

INSERT INTO usuarios (id, nombre, apellido, email, password, rol, celular, esta_activo, fecha_de_registro) VALUES(8, 'Antonia', 'Samper', 'asamper@bolsadeideas.com', 'pass', 'Cliente', 93421125, TRUE, '2018-04-01');
INSERT INTO clientes (id, usuario_id, reputacion, direccion, distrito, numero_servicios_contratados) VALUES(8, 8, 3.5, 'Av El Sol 857', 'Cercado de Lima', 7);

INSERT INTO usuarios (id, nombre, apellido, email, password, rol, celular, esta_activo, fecha_de_registro) VALUES(9, 'Alexandra', 'Losada', 'alosada@bolsadeideas.com', 'pass', 'Cliente', 95521525, TRUE, '2016-11-21');
INSERT INTO clientes (id, usuario_id, reputacion, direccion, distrito, numero_servicios_contratados) VALUES(9, 9, NULL, 'Av. Union Jicamarca', 'San Juan de Lurigancho', 0);

INSERT INTO usuarios (id, nombre, apellido, email, password, rol, celular, esta_activo, fecha_de_registro) VALUES(10, 'Piedad', 'Barbera', 'pbarbera@bolsadeideas.com', 'pass', 'Cliente', 99981585, TRUE, '2018-10-11');
INSERT INTO clientes (id, usuario_id, reputacion, direccion, distrito, numero_servicios_contratados) VALUES(10, 10, 4.9, 'Av. Canta Callao', 'San Martín de Porres', 1);

INSERT INTO usuarios (id, nombre, apellido, email, password, rol, celular, esta_activo, fecha_de_registro) VALUES(11, 'Anastasio', 'Lloret', 'alloret@bolsadeideas.com', 'pass', 'Cliente', 91287575, TRUE, '2015-02-01');
INSERT INTO clientes (id, usuario_id, reputacion, direccion, distrito, numero_servicios_contratados) VALUES(11, 11, 3.1, 'Av Saenz Peña 1291', 'Callao', 23);

INSERT INTO usuarios (id, nombre, apellido, email, password, rol, celular, esta_activo, fecha_de_registro) VALUES(12, 'Aziz', 'Hermida', 'ahermida@bolsadeideas.com', 'pass', 'Cliente', 912563655, TRUE, '2021-04-27');
INSERT INTO clientes (id, usuario_id, reputacion, direccion, distrito, numero_servicios_contratados) VALUES(12, 12, 1.6, 'Av. Defensores del Morro 2070', 'Chorrillos', 10);

INSERT INTO usuarios (id, nombre, apellido, email, password, rol, celular, esta_activo, fecha_de_registro) VALUES(13, 'Miguel', 'Piñeiro', 'miguelp@bolsadeideas.com', 'pass', 'Cliente', 911056235, TRUE, '2020-09-19');
INSERT INTO clientes (id, usuario_id, reputacion, direccion, distrito, numero_servicios_contratados) VALUES(13, 13, 3.7, 'Asentamientos Humanos Unión y Paz s/n', 'Villa María del Triunfo', 13);

INSERT INTO usuarios (id, nombre, apellido, email, password, rol, celular, esta_activo, fecha_de_registro) VALUES(14, 'Iciar', 'Ariza', 'iariza@bolsadeideas.com', 'pass', 'Blocker', 911012233, TRUE, '2010-12-07');
INSERT INTO blockers (id, usuario_id, reputacion, presentacion, disponible, trabajos_en_proceso, numero_trabajos_culminados, foto) VALUES(1, 14, 2.4, 'Hola, soy Iciar.', TRUE, 1, 35, 'iariza.jpg');

INSERT INTO usuarios (id, nombre, apellido, email, password, rol, celular, esta_activo, fecha_de_registro) VALUES(15, 'Oliva', 'Navarro', 'onavarro@bolsadeideas.com', 'pass', 'Blocker', 913011276, TRUE, '2017-11-28');
INSERT INTO blockers (id, usuario_id, reputacion, presentacion, disponible, trabajos_en_proceso, numero_trabajos_culminados) VALUES(2, 15, 4.4, 'Hola, soy Oliva.', TRUE, 0, 29);

INSERT INTO usuarios (id, nombre, apellido, email, password, rol, celular, esta_activo, fecha_de_registro) VALUES(16, 'Brahim', 'Zurita', 'bzurita@bolsadeideas.com', 'pass', 'Blocker', 913611284, TRUE, '2019-04-25');
INSERT INTO blockers (id, usuario_id, reputacion, presentacion, disponible, trabajos_en_proceso, numero_trabajos_culminados) VALUES(3, 16, 2.1, 'Hola, soy Brahim.', TRUE, 2, 51);

INSERT INTO usuarios (id, nombre, apellido, email, password, rol, celular, esta_activo, fecha_de_registro) VALUES(17, 'Gabriela', 'Castello', 'gcastello@bolsadeideas.com', 'pass', 'Blocker', 990434284, TRUE, '2018-08-08');
INSERT INTO blockers (id, usuario_id, reputacion, presentacion, disponible, trabajos_en_proceso, numero_trabajos_culminados, foto) VALUES(4, 17, 5.0, 'Hola, soy Gabriela.', TRUE, 1, 1, 'gcastello.jpg');

INSERT INTO usuarios (id, nombre, apellido, email, password, rol, celular, esta_activo, fecha_de_registro) VALUES(18, 'Marcial', 'Feijoo', 'feijoo@bolsadeideas.com', 'pass', 'Cliente', 91577235, TRUE, '2020-05-05');
INSERT INTO clientes (id, usuario_id, reputacion, direccion, distrito, numero_servicios_contratados) VALUES(14, 18, 2.9, 'Prolongacion Los Fresnos', 'La Molina', 22);